firstName,lastName,email
"Jessica","Greene","jgreene337@eneergacissej.biz"
"Brandy","Bryant","bbryant410@tnayrbydnarb.org"
"Warren","Morales","wmorales572@selaromnerraw.net"
"Stefanie","Mann","smann208@nnameinafets.org"
"Brian","Riley","briley210@yelirnairb.org"
"Corinne","Moran","cmoran799@naromenniroc.biz"
"Frederick","Palmer","fpalmer517@remlapkcirederf.net"
"Guadalupe","Roberts","groberts914@streborepuladaug.biz"
"Payton","Castro","pcastro343@ortsacnotyap.org"
"Tierra","Barnes","tbarnes919@senrabarreit.org"
"Jakob","Ryan","jryan564@nayrbokaj.com"
"Adrian","Mcdonald","amcdonald173@dlanodcmnairda.biz"
"Griffin","Pierce","gpierce933@ecreipniffirg.net"
"Lucy","Nunez","lnunez377@zenunycul.org"
"Kylee","Lang","klang598@gnaleelyk.biz"
"Walter","French","wfrench103@hcnerfretlaw.com"
"Nicolette","Henderson","nhenderson994@nosrednehettelocin.net"
"Jaime","Glover","jglover154@revolgemiaj.net"
"Juliana","Harrison","jharrison516@nosirrahanailuj.net"
"Jack","Bailey","jbailey752@yeliabkcaj.org"
"Carley","Fischer","cfischer289@rehcsifyelrac.com"
"Grayson","Armstrong","garmstrong440@gnortsmranosyarg.biz"
"Christopher","Mcbride","cmcbride361@edirbcmrehpotsirhc.org"
"Jaclyn","Freeman","jfreeman116@nameerfnylcaj.com"
"Tiffani","Warner","twarner651@renrawinaffit.com"
"Connor","Fuller","cfuller751@rellufronnoc.org"
"Esmeralda","Hart","ehart269@trahadlaremse.biz"
"Valerie","Jackson","vjackson500@noskcajeirelav.org"
"Jamie","Holland","jholland205@dnalloheimaj.com"
"Terrance","Harper","tharper390@reprahecnarret.net"
"Jarred","Richards","jrichards263@sdrahcirderraj.net"
"Taylor","Hubbard","thubbard862@drabbuhrolyat.net"
"Kierra","Gray","kgray589@yargarreik.com"
"Ali","Warren","awarren285@nerrawila.org"
"Cameron","Turner","cturner306@renrutnoremac.net"
"Teresa","Riley","triley219@yeliraseret.biz"
"Amelia","Fuller","afuller709@rellufailema.net"
"Elliot","Snyder","esnyder728@redynstoille.net"
"Rodolfo","Wheeler","rwheeler134@releehwoflodor.org"
"Maggie","Douglas","mdouglas611@salguodeiggam.org"
"Khalil","Frank","kfrank336@knarflilahk.org"
"Michaela","Holt","mholt595@tlohaleahcim.biz"
"Kody","Burns","kburns539@snrubydok.org"
"Marlon","Frazier","mfrazier231@reizarfnolram.biz"
"Diane","Harvey","dharvey473@yevrahenaid.biz"
"Rafael","Spencer","rspencer843@recnepsleafar.org"
"Hannah","Alvarez","halvarez864@zeravlahannah.net"
"Noel","Sandoval","nsandoval191@lavodnasleon.biz"
"Justin","Payne","jpayne795@enyapnitsuj.org"
"Maribel","Sullivan","msullivan251@navilluslebiram.biz"
"Naomi","Quinn","nquinn185@nniuqimoan.biz"
"Vanessa","Bush","vbush561@hsubassenav.org"
"Allen","Brady","abrady0@ydarbnella.biz"
"Jessie","Myers","jmyers364@sreymeissej.com"
"Brody","Dominguez","bdominguez51@zeugnimodydorb.org"
"Jillian","Wolfe","jwolfe611@eflownaillij.net"
"Ashlyn","Oliver","aoliver121@revilonylhsa.biz"
"Lukas","Strickland","lstrickland522@dnalkcirtssakul.com"
"Kendrick","Hubbard","khubbard783@drabbuhkcirdnek.net"
"Brandy","Webster","bwebster498@retsbewydnarb.org"
"Conner","Morris","cmorris330@sirromrennoc.net"
"Christian","Pena","cpena459@anepnaitsirhc.com"
"Kyra","Ward","kward878@drawaryk.biz"
"Chelsie","Adkins","cadkins955@snikdaeislehc.net"
"Misty","Frank","mfrank190@knarfytsim.net"
"Dean","Dennis","ddennis210@sinnednaed.biz"
"Ronnie","Gonzalez","rgonzalez162@zelaznogeinnor.com"
"Eduardo","Valdez","evaldez912@zedlavodraude.com"
"Denise","Mason","dmason24@nosamesined.net"
"Sofia","Collins","scollins766@snillocaifos.org"
"Trent","Munoz","tmunoz855@zonumtnert.com"
"Nora","Nguyen","nnguyen815@neyugnaron.org"
"Mason","Juarez","mjuarez51@zeraujnosam.net"
"Francis","Ross","fross13@ssorsicnarf.biz"
"Liam","Cruz","lcruz664@zurcmail.org"
"Angel","Perry","aperry450@yrreplegna.net"
"Angel","Scott","ascott484@ttocslegna.com"
"Levi","Moreno","lmoreno185@oneromivel.net"
"Kylee","Collins","kcollins530@snilloceelyk.org"
"Whitney","Daniel","wdaniel420@leinadyentihw.biz"
"Cristal","Mendoza","cmendoza843@azodnemlatsirc.org"
"Adrienne","Park","apark370@krapenneirda.org"
"Diego","Dean","ddean925@naedogeid.com"
"Stephanie","Sutton","ssutton950@nottuseinahpets.biz"
"Neil","Dawson","ndawson65@noswadlien.biz"
"Hanna","Ruiz","hruiz431@ziurannah.com"
"Savanna","Shaw","sshaw319@wahsannavas.net"
"Jacob","Owens","jowens188@snewobocaj.org"
"Marisol","Beck","mbeck956@kceblosiram.com"
"Ronnie","Stewart","rstewart35@trawetseinnor.biz"
"Stefanie","Barber","sbarber930@rebrabeinafets.com"
"Natasha","Lang","nlang83@gnalahsatan.com"
"Ronald","Murphy","rmurphy33@yhprumdlanor.biz"
"Terrence","Lindsey","tlindsey834@yesdnilecnerret.biz"
"Kelley","Russell","krussell112@llessuryellek.net"
"Erica","Hart","ehart915@trahacire.biz"
"James","Contreras","jcontreras98@sarertnocsemaj.com"
"Peter","Alexander","palexander273@rednaxelaretep.org"
"Marisol","Marsh","mmarsh56@hsramlosiram.com"
"Deandre","Soto","dsoto126@otoserdnaed.net"
"Ali","Castro","acastro82@ortsacila.com"
"Sonia","Caldwell","scaldwell307@llewdlacainos.org"
"Guillermo","Payne","gpayne569@enyapomrelliug.com"
"Tyrell","Murphy","tmurphy231@yhprumlleryt.net"
"Bryan","Chapman","bchapman757@nampahcnayrb.com"
"Derrick","Wolfe","dwolfe250@eflowkcirred.biz"
"Jarrod","Newton","jnewton607@notwendorraj.com"
"Demetrius","Bailey","dbailey292@yeliabsuirtemed.net"
"Alfredo","Mclaughlin","amclaughlin801@nilhgualcmoderfla.com"
"Briana","Black","bblack46@kcalbanairb.biz"
"Peyton","Chang","pchang542@gnahcnotyep.net"
"Johnathon","Henry","jhenry92@yrnehnohtanhoj.org"
"Jordan","Lambert","jlambert578@trebmalnadroj.org"
"Joey","Washington","jwashington456@notgnihsawyeoj.net"
"Colby","Powell","cpowell533@llewopybloc.biz"
"Stacy","Russell","srussell190@llessurycats.biz"
"Collin","Reese","creese383@eseernilloc.biz"
"Marc","Fernandez","mfernandez543@zednanrefcram.com"
"Kendra","Gill","kgill107@lligardnek.com"
"Marshall","Blair","mblair741@rialbllahsram.net"
"Kellie","Armstrong","karmstrong370@gnortsmraeillek.net"
"Neil","Gonzales","ngonzales717@selaznoglien.biz"
"Kaylee","Foster","kfoster778@retsofeelyak.com"
"Cooper","Klein","cklein51@nielkrepooc.com"
"Vanessa","Juarez","vjuarez63@zeraujassenav.net"
"Jarred","Garrett","jgarrett68@tterragderraj.biz"
"Gilberto","Gibson","ggibson776@nosbigotreblig.net"
"Chad","Glover","cglover581@revolgdahc.net"
"Sophie","Patel","spatel653@letapeihpos.com"
"Alana","Vaughn","avaughn895@nhguavanala.org"
"Avery","King","aking784@gnikyreva.net"
"Kathryn","Norris","knorris978@sirronnyrhtak.org"
"Johnathon","Fernandez","jfernandez286@zednanrefnohtanhoj.biz"
"Destiny","Cortez","dcortez741@zetrocynitsed.biz"
"Carlos","Horton","chorton770@notrohsolrac.com"
"Derick","Nichols","dnichols568@slohcinkcired.biz"
"Kenya","Luna","kluna613@anulaynek.biz"
"Douglas","Freeman","dfreeman551@nameerfsalguod.org"
"Erika","Pratt","epratt867@ttarpakire.net"
"Bernard","Evans","bevans409@snavedranreb.net"
"Raymond","Alvarado","ralvarado941@odaravladnomyar.com"
"Calvin","Valdez","cvaldez791@zedlavnivlac.com"
"Michael","Harrison","mharrison650@nosirrahleahcim.biz"
"Marina","Fernandez","mfernandez923@zednanrefaniram.net"
"Micah","Christensen","mchristensen280@nesnetsirhchacim.com"
"Abel","May","amay477@yamleba.com"
"Bernard","Oconnor","boconnor838@ronnocodranreb.org"
"Paula","Armstrong","parmstrong404@gnortsmraaluap.net"
"Nelson","Adams","nadams988@smadanoslen.com"
"Felipe","Rice","frice449@ecirepilef.com"
"Derick","Cortez","dcortez255@zetrockcired.net"
"Willie","Scott","wscott339@ttocseilliw.org"
"Kellie","Collins","kcollins719@snilloceillek.net"
"Tabitha","Stone","tstone931@enotsahtibat.net"
"Cesar","Rowe","crowe120@eworrasec.com"
"Rolando","Holt","rholt78@tlohodnalor.com"
"Bryce","Contreras","bcontreras239@sarertnocecyrb.com"
"Meaghan","Davidson","mdavidson753@nosdivadnahgaem.com"
"Mitchell","Higgins","mhiggins954@sniggihllehctim.com"
"Devon","Santos","dsantos384@sotnasnoved.net"
"Fabian","Mcdonald","fmcdonald500@dlanodcmnaibaf.biz"
"Jeremy","Weaver","jweaver306@revaewymerej.org"
"Bailey","Deleon","bdeleon241@noeledyeliab.org"
"Kendall","Gilbert","kgilbert788@trebliglladnek.biz"
"Bridget","Fernandez","bfernandez602@zednanreftegdirb.com"
"Branden","Wise","bwise186@esiwnednarb.net"
"Fabian","Moran","fmoran579@naromnaibaf.net"
"Lawrence","Mejia","lmejia349@aijemecnerwal.com"
"Jazmine","Barber","jbarber26@rebrabenimzaj.com"
"Grant","Harris","gharris445@sirrahtnarg.net"
"Janet","Robertson","jrobertson542@nostrebortenaj.net"
"Maya","Lyons","mlyons240@snoylayam.org"
"Chris","Carlson","ccarlson131@noslracsirhc.biz"
"Stacy","Rodriguez","srodriguez261@zeugirdorycats.net"
"Misty","Warren","mwarren320@nerrawytsim.net"
"Mary","Schneider","mschneider869@redienhcsyram.biz"
"Eddie","Curtis","ecurtis914@sitruceidde.biz"
"Cory","Miller","cmiller47@rellimyroc.net"
"Kendrick","Richardson","krichardson754@nosdrahcirkcirdnek.com"
"Peyton","Dominguez","pdominguez761@zeugnimodnotyep.net"
"Lukas","Lawson","llawson46@noswalsakul.org"
"Vincent","Owen","vowen778@newotnecniv.com"
"Rose","Johnson","rjohnson8@nosnhojesor.com"
"Rafael","Griffin","rgriffin5@niffirgleafar.net"
"Annie","Fox","afox42@xofeinna.biz"
"Camille","Robbins","crobbins950@snibborellimac.biz"
"Rodrigo","Morris","rmorris645@sirromogirdor.org"
"Brittany","Hayes","bhayes345@seyahynattirb.biz"
"Sara","Ruiz","sruiz375@ziuraras.biz"
"Dustin","Soto","dsoto425@otosnitsud.com"
"Olivia","Ortega","oortega333@agetroaivilo.com"
"Veronica","Webster","vwebster454@retsbewacinorev.biz"
"Steve","Matthews","smatthews450@swehttamevets.net"
"Gustavo","Parks","gparks157@skrapovatsug.org"
"Britney","Graves","bgraves829@sevargyentirb.net"
"Kristi","Sherman","ksherman465@namrehsitsirk.com"
"Isaiah","Keller","ikeller139@rellekhaiasi.net"
"Caleb","Hale","chale553@elahbelac.net"
"Madeline","Fisher","mfisher246@rehsifeniledam.com"
"Trevon","Tate","ttate654@etatnovert.org"
"Alison","Sutton","asutton319@nottusnosila.com"
"Arthur","Brewer","abrewer402@rewerbruhtra.org"
"Dwayne","Campbell","dcampbell4@llebpmacenyawd.net"
"Simone","Williamson","swilliamson258@nosmailliwenomis.com"
"Emilio","Ellis","eellis229@silleoilime.org"
"Mark","Fuller","mfuller79@rellufkram.org"
"Brennan","Blair","bblair96@rialbnannerb.org"
"Cedric","Mcdaniel","cmcdaniel300@leinadcmcirdec.org"
"Gabriel","Adams","gadams420@smadaleirbag.com"
"Mariah","Hopkins","mhopkins121@snikpohhairam.com"
"Kelsie","Gonzalez","kgonzalez924@zelaznogeislek.com"
"Teresa","Griffith","tgriffith119@htiffirgaseret.com"
"Kayla","Coleman","kcoleman634@namelocalyak.net"
"Stacy","Schneider","sschneider399@redienhcsycats.com"
"Carolina","Parker","cparker702@rekrapanilorac.com"
"Kendall","Powers","kpowers79@srewoplladnek.org"
"Chelsie","Glover","cglover366@revolgeislehc.org"
"Cory","Alvarado","calvarado730@odaravlayroc.net"
"Keith","Morris","kmorris498@sirromhtiek.biz"
"Sterling","Arnold","sarnold213@dlonragnilrets.biz"
"Ariel","Osborne","aosborne875@enrobsoleira.org"
"Rosa","Peterson","rpeterson682@nosretepasor.org"
"Kyle","Mason","kmason528@nosamelyk.com"
"Leon","Hanson","lhanson815@nosnahnoel.com"
"Angel","Mendoza","amendoza22@azodnemlegna.org"
"Laura","Pope","lpope960@epoparual.biz"
"Chelsie","Garcia","cgarcia108@aicrageislehc.net"
"Philip","Edwards","pedwards494@sdrawdepilihp.net"
"Daniella","Patton","dpatton677@nottapalleinad.biz"
"Lukas","Crawford","lcrawford135@drofwarcsakul.org"
"Grant","Russell","grussell546@llessurtnarg.net"
"Carter","Lowe","clowe808@ewolretrac.com"
"Shannon","Palmer","spalmer232@remlapnonnahs.com"
"Gianna","Acosta","gacosta948@atsocaannaig.com"
"Tommy","Haynes","thaynes680@senyahymmot.org"
"Joshua","Ramos","jramos297@somarauhsoj.net"
"Justine","Soto","jsoto125@otosenitsuj.biz"
"Camille","Deleon","cdeleon387@noeledellimac.org"
"Byron","Oliver","boliver898@revilonoryb.biz"
"Dwayne","Chandler","dchandler833@reldnahcenyawd.org"
"Sasha","Fisher","sfisher313@rehsifahsas.org"
"Sergio","Cummings","scummings685@sgnimmucoigres.com"
"Skylar","Castillo","scastillo892@ollitsacralyks.net"
"Ray","Henry","rhenry701@yrnehyar.biz"
"Christopher","Padilla","cpadilla557@allidaprehpotsirhc.org"
"Ellen","Avila","eavila666@alivanelle.com"
"Cheyenne","Juarez","cjuarez314@zeraujenneyehc.net"
"Josie","Gutierrez","jgutierrez342@zerreitugeisoj.org"
"Anthony","Morales","amorales114@selaromynohtna.net"
"Isabelle","Singh","isingh526@hgnisellebasi.net"
"Alexia","Torres","atorres555@serrotaixela.biz"
"Natalie","Perez","nperez566@zerepeilatan.org"
"Raven","Benson","rbenson737@nosnebnevar.org"
"Nolan","Lang","nlang890@gnalnalon.biz"
"Zackery","Schneider","zschneider432@redienhcsyrekcaz.biz"
"Paige","Mccoy","pmccoy210@yoccmegiap.biz"
"Melody","Watkins","mwatkins509@sniktawydolem.org"
"Riley","Hoffman","rhoffman498@namffohyelir.net"
"Shelby","Greene","sgreene50@eneergyblehs.net"
"Jasmine","Elliott","jelliott316@ttoilleenimsaj.com"
"Kurtis","Young","kyoung745@gnuoysitruk.org"
"Mallory","Hernandez","mhernandez768@zednanrehyrollam.com"
"Gloria","Nunez","gnunez998@zenunairolg.com"
"Jazmin","Smith","jsmith306@htimsnimzaj.org"
"Elliott","Holland","eholland229@dnallohttoille.com"
"Emanuel","Farmer","efarmer562@remrafleuname.org"
"Randi","Osborne","rosborne483@enrobsoidnar.com"
"Mia","Buchanan","mbuchanan628@nanahcubaim.biz"
"Jarred","Buchanan","jbuchanan168@nanahcubderraj.biz"
"Kelvin","Russell","krussell787@llessurnivlek.biz"
"Tamara","Ross","tross812@ssoraramat.biz"
"Veronica","Marsh","vmarsh504@hsramacinorev.net"
"Angel","Moss","amoss942@ssomlegna.org"
"Cameron","Olson","colson43@noslonoremac.com"
"Blake","Bowen","bbowen753@newobekalb.net"
"Kelsi","Harper","kharper286@reprahislek.org"
"Taryn","Armstrong","tarmstrong401@gnortsmranyrat.com"
"Ashley","Curtis","acurtis557@sitrucyelhsa.org"
"Devan","Wilson","dwilson60@nosliwnaved.net"
"Julianna","Stanley","jstanley955@yelnatsannailuj.biz"
"Richard","Mason","rmason96@nosamdrahcir.com"
"Grant","Mack","gmack902@kcamtnarg.biz"
"Mason","Simmons","msimmons726@snommisnosam.com"
"Damian","Waters","dwaters23@sretawnaimad.org"
"Aubrey","Burke","aburke713@ekrubyerbua.org"
"Devan","Leon","dleon631@noelnaved.org"
"Esmeralda","Guzman","eguzman52@namzugadlaremse.org"
"Troy","Lee","tlee125@eelyort.net"
"Marilyn","Soto","msoto953@otosnyliram.net"
"Monica","Sutton","msutton862@nottusacinom.com"
"Drake","Becker","dbecker25@rekcebekard.com"
"Kelvin","Guerrero","kguerrero981@orerreugnivlek.com"
"Darian","Young","dyoung518@gnuoynairad.com"
"Devin","Rojas","drojas349@sajornived.org"
"Diana","Fitzgerald","dfitzgerald240@dlaregztifanaid.biz"
"Shana","Sullivan","ssullivan769@navillusanahs.net"
"Devan","Parsons","dparsons670@snosrapnaved.net"
"Brad","Willis","bwillis17@silliwdarb.biz"
"Cassie","Alvarado","calvarado191@odaravlaeissac.com"
"Sydney","Maxwell","smaxwell532@llewxamyendys.net"
"Angelo","Terry","aterry503@yrretolegna.org"
"Irene","Bowman","ibowman966@namwobeneri.net"
"Mason","Marsh","mmarsh889@hsramnosam.net"
"Ericka","Armstrong","earmstrong932@gnortsmraakcire.com"
"Talia","Sparks","tsparks677@skrapsailat.org"
"Braxton","Thomas","bthomas92@samohtnotxarb.com"
"Bethany","Stephens","bstephens888@snehpetsynahteb.net"
"Rene","Hines","rhines875@senihener.biz"
"David","Tran","dtran451@nartdivad.org"
"Brady","Graham","bgraham458@mahargydarb.net"
"Tyrone","Barrett","tbarrett337@tterrabenoryt.net"
"Danielle","Lewis","dlewis694@siwelelleinad.org"
"Meagan","Miles","mmiles704@selimnagaem.biz"
"Carley","Stevenson","cstevenson576@nosnevetsyelrac.com"
"Giovanni","Johnson","gjohnson482@nosnhojinnavoig.net"
"Brianna","Ortega","bortega73@agetroannairb.org"
"Julianne","Gregory","jgregory486@yrogergennailuj.org"
"Zachery","Reynolds","zreynolds128@sdlonyeryrehcaz.org"
"Xavier","Peters","xpeters893@sretepreivax.org"
"Jeremy","Wells","jwells225@sllewymerej.org"
"Shane","Farmer","sfarmer724@remrafenahs.net"
"Marilyn","Brewer","mbrewer371@rewerbnyliram.org"
"Makenzie","Mullins","mmullins87@snillumeiznekam.org"
"Mary","Patel","mpatel89@letapyram.com"
"Kurtis","Waters","kwaters563@sretawsitruk.org"
"Jacqueline","Mann","jmann769@nnamenileuqcaj.net"
"Beau","Baldwin","bbaldwin828@niwdlabuaeb.net"
"Thomas","Barrett","tbarrett514@tterrabsamoht.net"
"Avery","Wright","awright606@thgirwyreva.org"
"Maritza","Bennett","mbennett916@ttennebaztiram.com"
"Angelica","Ray","aray202@yaracilegna.net"
"Maria","Williamson","mwilliamson275@nosmailliwairam.biz"
"Marie","Caldwell","mcaldwell843@llewdlaceiram.net"
"Harley","Alvarado","halvarado983@odaravlayelrah.net"
"Levi","Wang","lwang565@gnawivel.biz"
"Brittani","Watts","bwatts970@sttawinattirb.com"
"Ana","Mckinney","amckinney870@yennikcmana.net"
"Tristan","West","twest908@tsewnatsirt.net"
"Corbin","Higgins","chiggins114@sniggihnibroc.org"
"Chasity","Crawford","ccrawford334@drofwarcytisahc.biz"
"Rachelle","Fischer","rfischer564@rehcsifellehcar.com"
"Donovan","Jennings","djennings73@sgninnejnavonod.biz"
"Zachary","Espinoza","zespinoza590@azonipseyrahcaz.com"
"Chloe","Herrera","cherrera24@arerreheolhc.net"
"Tyson","Bowen","tbowen336@newobnosyt.com"
"Craig","Gregory","cgregory597@yrogerggiarc.net"
"Stanley","Mullins","smullins936@snillumyelnats.com"
"Trey","Fuller","tfuller804@rellufyert.org"
"Felipe","West","fwest695@tsewepilef.net"
"Nicholas","Moreno","nmoreno804@oneromsalohcin.com"
"Jazmine","Pope","jpope225@epopenimzaj.com"
"Monica","Cox","mcox809@xocacinom.org"
"Tristan","Clarke","tclarke471@ekralcnatsirt.biz"
"Naomi","Miller","nmiller666@rellimimoan.net"
"Kylie","Fischer","kfischer903@rehcsifeilyk.net"
"Abbey","Pham","apham291@mahpyebba.net"
"Destinee","Lowe","dlowe529@ewoleenitsed.biz"
"Nadia","Foster","nfoster896@retsofaidan.org"
"Barry","Price","bprice481@ecirpyrrab.net"
"Donald","Hartman","dhartman518@namtrahdlanod.net"
"Eugene","West","ewest861@tsewenegue.biz"
"Alfonso","Acosta","aacosta136@atsocaosnofla.org"
"Stephanie","Bell","sbell618@llebeinahpets.biz"
"Angelique","Wells","awells935@slleweuqilegna.biz"
"Kaitlyn","Willis","kwillis360@silliwnyltiak.net"
"Jordan","Bush","jbush282@hsubnadroj.com"
"Yesenia","Duncan","yduncan571@nacnudainesey.org"
"Monique","Wade","mwade723@edaweuqinom.com"
"Tiara","Wheeler","twheeler587@releehwarait.biz"
"Angel","Bush","abush894@hsublegna.com"
"Ivan","Olson","iolson240@noslonavi.net"
"Brianne","Parks","bparks419@skrapennairb.com"
"Warren","Thornton","wthornton51@notnrohtnerraw.biz"
"Jordon","Figueroa","jfigueroa580@aoreugifnodroj.org"
"Leon","Joseph","ljoseph398@hpesojnoel.com"
"Phillip","Steele","psteele557@eleetspillihp.org"
"Orlando","Pena","opena0@anepodnalro.com"
"Thomas","Flynn","tflynn108@nnylfsamoht.biz"
"Wayne","Osborne","wosborne893@enrobsoenyaw.net"
"Priscilla","Holt","pholt272@tlohallicsirp.net"
"Malcolm","Farmer","mfarmer615@remrafmloclam.biz"
"Donna","Sanders","dsanders408@srednasannod.net"
"Sheldon","Ramsey","sramsey635@yesmarnodlehs.com"
"Tanner","Griffin","tgriffin995@niffirgrennat.com"
"Angel","Oliver","aoliver178@revilolegna.org"
"Brian","Hoffman","bhoffman175@namffohnairb.net"
"Julianne","Oliver","joliver948@reviloennailuj.org"
"Abbey","Clarke","aclarke539@ekralcyebba.biz"
"Kelley","Griffith","kgriffith120@htiffirgyellek.net"
"Bruce","Hale","bhale654@elahecurb.biz"
"Brady","Webster","bwebster370@retsbewydarb.biz"
"Christa","West","cwest46@tsewatsirhc.net"
"Dominick","Williamson","dwilliamson912@nosmailliwkcinimod.org"
"Jamie","Larson","jlarson690@nosraleimaj.org"
"Bryant","Bowen","bbowen179@newobtnayrb.org"
"Curtis","Russell","crussell371@llessursitruc.biz"
"Claudia","Yang","cyang356@gnayaidualc.biz"
"Carlos","Watkins","cwatkins838@sniktawsolrac.net"
"Stanley","Norton","snorton593@notronyelnats.net"
"Skylar","Barnett","sbarnett442@ttenrabralyks.biz"
"Christian","Bailey","cbailey336@yeliabnaitsirhc.org"
"Angel","Franklin","afranklin605@nilknarflegna.org"
"Anastasia","Marquez","amarquez485@zeuqramaisatsana.biz"
"Devonte","Henry","dhenry28@yrnehetnoved.net"
"Lyndsey","Reed","lreed262@deeryesdnyl.org"
"Zoe","Graves","zgraves939@sevargeoz.biz"
"Eva","Conner","econner135@rennocave.com"
"Guadalupe","Cruz","gcruz956@zurcepuladaug.net"
"Dalton","Pope","dpope196@epopnotlad.net"
"Weston","Moody","wmoody777@ydoomnotsew.com"
"Leon","Day","lday668@yadnoel.net"
"Victoria","Daniels","vdaniels754@sleinadairotciv.org"
"Christy","Lloyd","clloyd381@dyollytsirhc.com"
"Raul","Walker","rwalker263@reklawluar.net"
"Carl","Chen","cchen652@nehclrac.net"
"Janet","Kim","jkim841@miktenaj.org"
"Tony","Webster","twebster89@retsbewynot.biz"
"Ciera","Burton","cburton677@notrubareic.org"
"Johnathan","Lyons","jlyons171@snoylnahtanhoj.org"
"Julio","Boyd","jboyd628@dyoboiluj.net"
"Lorena","Gomez","lgomez600@zemoganerol.com"
"Jared","Peterson","jpeterson760@nosretepderaj.org"
"Stanley","Lindsey","slindsey976@yesdnilyelnats.com"
"William","Ray","wray906@yarmailliw.com"
"Roy","Mccoy","rmccoy56@yoccmyor.com"
"Faith","Andrews","fandrews361@swerdnahtiaf.net"
"Stephen","Grant","sgrant440@tnargnehpets.org"
"Noah","Chandler","nchandler247@reldnahchaon.biz"
"Jamal","Price","jprice754@ecirplamaj.biz"
"Brody","Carr","bcarr742@rracydorb.com"
"Blanca","Rice","brice18@eciracnalb.com"
"Corbin","Baker","cbaker918@rekabnibroc.biz"
"Josie","Moreno","jmoreno959@oneromeisoj.org"
"Rashad","Hale","rhale52@elahdahsar.org"
"Rafael","Parker","rparker413@rekrapleafar.com"
"Conner","Hoffman","choffman106@namffohrennoc.net"
"Kaitlin","Contreras","kcontreras16@sarertnocniltiak.net"
"Naomi","Zimmerman","nzimmerman700@namremmizimoan.biz"
"Clint","Flores","cflores934@serolftnilc.net"
"Margaret","Castillo","mcastillo638@ollitsacteragram.net"
"Katlyn","Butler","kbutler316@reltubnyltak.biz"
"Alexis","Welch","awelch353@hclewsixela.net"
"Robin","Barnes","rbarnes889@senrabnibor.com"
"Colton","Young","cyoung749@gnuoynotloc.org"
"Victor","Casey","vcasey937@yesacrotciv.biz"
"Candace","Tate","ctate666@etatecadnac.biz"
"Eugene","Sandoval","esandoval52@lavodnasenegue.net"
"Bailey","Bowen","bbowen211@newobyeliab.com"
"Marina","Carlson","mcarlson556@noslracaniram.biz"
"Eduardo","Farmer","efarmer628@remrafodraude.biz"
"Brandy","Nelson","bnelson302@noslenydnarb.net"
"Madeline","Washington","mwashington622@notgnihsaweniledam.org"
"Levi","Little","llittle272@elttilivel.com"
"Haylee","Padilla","hpadilla211@allidapeelyah.com"
"Mariana","Brady","mbrady738@ydarbanairam.org"
"Jake","Black","jblack20@kcalbekaj.net"
"Tanner","Ayala","tayala129@alayarennat.com"
"Jeffrey","Rodgers","jrodgers43@sregdoryerffej.com"
"Erica","Clark","eclark645@kralcacire.net"
"Sonia","Mccoy","smccoy795@yoccmainos.net"
"Harrison","Cruz","hcruz737@zurcnosirrah.org"
"Kendra","Richardson","krichardson524@nosdrahcirardnek.biz"
"Thomas","Gibson","tgibson236@nosbigsamoht.com"
"Gage","Yates","gyates69@setayegag.org"
"Daniela","Hayes","dhayes316@seyahaleinad.net"
"Nicolette","Sandoval","nsandoval311@lavodnasettelocin.biz"
"Kylee","Gilbert","kgilbert526@trebligeelyk.net"
"Emanuel","Malone","emalone955@enolamleuname.org"
"Gerald","Day","gday9@yaddlareg.net"
"Shawn","Lopez","slopez264@zepolnwahs.biz"
"Skylar","Barrett","sbarrett666@tterrabralyks.net"
"Ralph","Hanson","rhanson820@nosnahhplar.net"
"Briana","Acosta","bacosta691@atsocaanairb.com"
"Dustin","Banks","dbanks386@sknabnitsud.org"
"Alex","Vargas","avargas237@sagravxela.net"
"Harley","Edwards","hedwards338@sdrawdeyelrah.org"
"Alondra","Diaz","adiaz692@zaidardnola.biz"
"Charity","Henry","chenry618@yrnehytirahc.com"
"Jordan","Cruz","jcruz646@zurcnadroj.org"
"Mackenzie","Chang","mchang513@gnahceiznekcam.net"
"Jorge","Robertson","jrobertson580@nostreboregroj.biz"
"Juan","Gomez","jgomez131@zemognauj.com"
"Annie","Carter","acarter613@retraceinna.net"
"Liam","Burke","lburke262@ekrubmail.biz"
"Harold","Mills","hmills653@sllimdlorah.net"
"Darius","Lowe","dlowe842@ewolsuirad.org"
"Elias","Lawson","elawson591@noswalsaile.com"
"Candace","Bailey","cbailey337@yeliabecadnac.biz"
"Kyla","Walton","kwalton66@notlawalyk.org"
"Shelby","Reyes","sreyes978@seyeryblehs.org"
"Chance","Yang","cyang851@gnayecnahc.org"
"Shane","Thornton","sthornton361@notnrohtenahs.com"
"Linda","Soto","lsoto190@otosadnil.com"
"Emilee","Mckinney","emckinney376@yennikcmeelime.net"
"Clinton","Holland","cholland474@dnallohnotnilc.biz"
"Dominique","Ellis","dellis859@silleeuqinimod.biz"
"Chasity","Brewer","cbrewer842@rewerbytisahc.net"
"Ariel","Cohen","acohen748@nehocleira.net"
"Haley","Bennett","hbennett941@ttennebyelah.com"
"Abigail","Day","aday32@yadliagiba.org"